phrase,image,category
jungle city,4447088438169418879078435135010812652611074687730645623208218372414280458922,Partial Literal
jungle city,20027624539947543544146997552597496916503077969546221849629016818931069190426,Figurative
a night owl,77163850685646165204344301745374206689099678370978394546610547867113402943199,Figurative
the car is a rocket,71444779304200940396660887272792845092536386398468140470565666810070619659471,Partial Literal
sea of umbrellas,47915931312147238523728170654609543286710305867879553309118630701669318126563,Partial Literal
sea of bees,66469287110527856716109039844609319625678741050833836194062917327445454439096,Partial Literal
he is a cheetah,19509394907139808738643692448162744630966971806078999472522411642487631527341,Partial Literal
their relationship is a house on fire,18056377971270081610999485557305595158950663402997603682729944356535609472622,Partial Literal
he is a fox,27361479466373671403690064196119584812225999687664223887904497585104181462396,Partial Literal
he is a fox,44192492258844283821803622558895907251526123110282061135160114627324254200813,Figurative
a shinning star,70446032795227170356792818082897792004380725808759269779366312295276326673689,Partial Literal
blanket of bullets,42691395060863888190729309288664549397174018007984991267219469955027217052726,Partial Literal
homework is a breeze,10458492110125274951808653411601703242175988851533364334242881004933965170911,Partial Literal
their relationship is a house on fire,70860022884621139626323620149273466871360803352681491044550691176757861712772,Partial Literal
blanket of snow,17034850149510343357703130632542093049968005451163727696523732289074424690458,Partial Literal
eyes were fireflies,807383759111359014275551872731205098642671050503014123041725263470981996631,Partial Literal
home was prison,3408264338758151165475123943325623711820452335611003484041443211332355828567,Partial Literal
a shinning star,22186675713281614554440124499530289853779096092373310585632083842763417770472,Partial Literal
sea of knowledge,6057647883457618803622872007796196774621894427749845386374625331477886209582,Partial Literal
he is a cheetah,104675623833471489097405819302144000794112268678758016985926456789684284966340,Figurative
he is a fox,30953313270761213394590159818887283344179422417615931577879110045032863743675,Figurative
heart of gold,91415018377464540770919213225303546975657116685955076879563313548732849002649,Partial Literal
a mighty lion,2052065433081114296692006683763741908001865280108911457391800562538819662800,Partial Literal
heart of gold,98766807066870182766049325048171029795476749170177559319932560038039790819207,Figurative
she is a snake,2984826685722053470422864679936278841862323621580833504400986082822968806371,Partial Literal
home was prison,31029733209474939498478651664146271020336633646137583543978380396123431577046,Partial Literal
walking encyclopedia,48378769398197012176269089461906449168836193274105353215679112475995558703522,Partial Literal
wheels of justice,41287841180149342519952318734163306229303423890047206159752980621446712450617,Partial Literal
homework is a breeze,98897406001775900369018891291754933285535378255721025163240380029962817590939,Figurative
home was prison,11505842631954381344391028358506191294672837310076074549818843466507042384185,Partial Literal
sea of knowledge,54221086363564514761141251742782782364593418891238727838113572567972770822859,Partial Literal
heart of stone,80142985244509977396806979769681896610458317244817374209091713862571530457514,Partial Literal
an angel,17019111169920015517445951694461916888646609437411588613455405451236878717427,Figurative
she was a sly cat,44312370172069134541455533764430591560696993228009180572825458326594114238001,Partial Literal
jungle city,55665759253751293098735384261747783706563245573943271046548181992716964111959,Partial Literal
house of cards,25422910418945691754951497489462690492950401088715714169322585314908160644540,Figurative
light of my life,111347796982495570292822944324793861813820613847736559243698208137554305559564,Figurative
a mighty lion,104402260001058217202917018183070384724354038859471753847920550191004076422004,Figurative
sea of umbrellas,101460625669581454861052481228737916459416686537906156867164773990414932567363,Partial Literal
she was a busy bee,82141527523806533576533928530516511815376592103167251503850900889961784601166,Partial Literal
heart sank,110371912126468560449829001186641486860161229563444816420309575833239935721695,Partial Literal
heart of stone,41075642803304919999516398262123924030288223609197165159523219922885139790292,Figurative
sea of bees,75779280907194055411500666616969162326989873617618322936973350291529999439729,Figurative
house of cards,49940145944040799022667563480677177828595919592193158375325578849163326720448,Figurative
heart of gold,72116296129128307585565170575466901271866840472629244809593226281329968087455,Partial Literal
sea of umbrellas,65317089445255653849533233547171723132509398874518817761116550192740609439699,Partial Literal
heart sank,8960513416899354795624259759259673960879142594550931854899090783058961734605,Figurative
blanket of flowers,8932990869476201080774074352409080631431256125258384599242151876569309421984,Partial Literal
the car is a rocket,61566630723777033095225551950617246894329277816784037157165688698534271378186,Partial Literal
home was prison,23636663852414100726478639017376515264786026558430371540688213001750245759537,Partial Literal
she is a ray of sunshine,77948261979663342030513675623871127214897517972941953491240621955068353758677,Figurative
he is a fox,79144741429095783944443033934007550647260571802169408420240949779258527276100,Figurative
walking encyclopedia,28764539890036860936240486340117631090588308335555277179702664177195002163587,Partial Literal
their relationship is a house on fire,68765929776402634690911115212895054025524023402358180548708532802395824212702,Partial Literal
sea of umbrellas,109664759526596932976030962028770262509638243107834937413779878499139673742545,Figurative
cute teddy bear,16635570730877685610787902741407387618286873929482200517251408538104500554876,Figurative
he is a fox,14194586353969712634912000568917494403359513255501528987126618239241034374556,Partial Literal
heart of a lion,54615421414408604843409733273378125999804459421209305208116107197337137042191,Figurative
light of my life,89080037724655007638389822884953865682005667661488616204896152178291642404501,Figurative
he was a chicken,84984115053969064032453200487142572836079367565454974513099284285127538772548,Figurative
he is a cheetah,78608323477300591667515224971901959983318895669995085609978688661035754203646,Figurative
sea of umbrellas,21300857644112696080960815449154171441689487499446588304402682198170945688183,Partial Literal
heart of gold,82435407110293351039129573541971141349164855753129739189736375122713162997019,Partial Literal
a night owl,48790319926547811340858581491802249195503427750264637981974287041452841763487,Partial Literal
sea of knowledge,61963130141072025687052825755609438365514007137199898231863963951799621375200,Partial Literal
he drives a tank,15083085114329253435651820410705466652728215993774765355522013593033579191697,Partial Literal
a night owl,77076700612075913876296836818385996131634667091455672487046209456919067865280,Partial Literal
he was a chicken,39792167797507440047749144709497439577605421959584738118207801994440029017108,Partial Literal
light of my life,15036236510598149731371687826013482692722530159939951335416671317264446232844,Partial Literal
heart of gold,4599331561854253128195393683391065706700222582223339123050807571919755366955,Figurative
she was a busy bee,80763846512512138087213386194285155317268180558745163505797797375864524135866,Partial Literal
heart of a lion,70917447429170868092386644510301711438225192077114631862682251386055167261189,Partial Literal
a mighty lion,92976806050824280289312806022249534000996094429184838355363021935051438125612,Partial Literal
their relationship is a house on fire,88808641485704974035959054842794773805257359021571550340237395827187815733500,Figurative
he drives a tank,66183202719531650227438330882846006533922992248322496976141192272968068648834,Partial Literal
wheels of justice,83475955661534707155942937816054695263008041082694418547128692356665252236132,Figurative
she was a busy bee,58988612503185939287375197616592286005133783410879103347264176137207259620915,Figurative
he is a fox,111593769763735334949488795709811564716922291200846107676615792586973287033215,Partial Literal
a lion on the battlefield,18137139193051343390688274442108687171536707684753420226264982876110993201054,Partial Literal
walking encyclopedia,76774121143926165999378637118815762965187260871261805881335543423762498541339,Figurative
sea of umbrellas,29021681547641361638445796096638467743411226345772736151789094723206110525414,Partial Literal
heart of stone,88405016329207192989303694817867034736548595668503501236618855672031117856873,Figurative
heart of gold,3559886650539307521070618402489542642671432607096410065350091716081834545040,Figurative
heart of stone,16007551376766790462924651314626335052958105935396119937306245916184299396895,Figurative
cute teddy bear,99625129459066218491033555981543247173928915025484295633444678847869323573300,Figurative
he is a fox,81659107293120209381638785224546304464679567231769095483123212179203128536344,Partial Literal
an angel,28864965689852088867803728621600668961946097413019566347373206283615889724984,Figurative
jungle city,66323511649903563832832543025514249125506672205984259004469004923738848238957,Figurative
their relationship is a house on fire,58305929974635086162583133609051385762946464148681370215308047422037204657891,Figurative
she was a sly cat,112514242182771241447919282796473013685261496519192502496999304833300834553526,Partial Literal
wheels of justice,102911944599573555101586708700653534891171145177096431858023812676578391039151,Partial Literal
jungle city,110975760770980854967331550270803009541056664813295700366630967134816854228897,Figurative
home was prison,103732064634789026185851154665853409095394553833017547004510657362804366956362,Partial Literal
she was a busy bee,27725326306166408556297672114307494890210817635621674040727486590162269528413,Partial Literal
blanket of flowers,91470783862641502960913767433384704115618343311766911163371798948357830868502,Partial Literal
he is a fox,17196760427332064909565016476736442906929527066154272704859801382414746994842,Partial Literal
a mighty lion,96732325175213591935713134856693338452686268161098651141764842552303730305763,Partial Literal
blanket of flowers,102255760584955808305280330559757580415401088517887918288808965979228411985366,Figurative
blanket of snow,45090658842685472077284568583881932558856846565403117667692825709005674521089,Partial Literal
blanket of snow,96439663651267291050859449802191563681230083699978567596237904370044057594438,Figurative
a night owl,31179141156676812510952484733777085489617262505755326666776979586440381756864,Partial Literal
she was a busy bee,64053323209835069968447249707911156667074354030827341848763987486989212882784,Partial Literal
a lion on the battlefield,31194315117106877880361691866930826480544269095208103421956097334217355339775,Partial Literal
home was prison,101514130024804135868804040500057435389135728535540652745924601720765473704933,Partial Literal
their relationship is a house on fire,93632386169737870796735080446127774828669646784296407662619990486386697620117,Partial Literal
sea of bees,61722610773360339929941001205986353385826091850021636264198153580010183058706,Figurative
she is a snake,65389488220079321041649692718136795407561707536048453398898446008073841221340,Figurative
home was prison,65288173334358512147746663987061429496407177499206817703916601311285647855673,Partial Literal
he was a tiger,11669980760455541488407869755176221186191100972632767851558142872797803123185,Partial Literal
sea of umbrellas,40737245963724024468084832844789286784307105562351325186667011022461599396701,Figurative
he is a cheetah,4443448638138774725378395402955406799409739445167660714056083690113220235777,Partial Literal
he was a tiger,54068733608127375386896252838698402950471795088914315964998923483465512315426,Partial Literal
a shinning star,31126122351746178619827546350942928274757494522525112644187570388448186542572,Figurative
a night owl,39316259360218619770475556267718879565486545865024626368724996216250618729196,Partial Literal
heart of gold,101596285714782584353000238915998635055430936158320888630120209562591800080863,Figurative
heart of gold,62372136120123928240803465866769353043050479712505617474092678796840620181169,Partial Literal
their relationship is a house on fire,42371700619934488658379953574355956673028146809534184776849728143877742851766,Partial Literal
heart of a lion,17305780255719166943132252526128936146973443337406654126280383503280117593975,Partial Literal
heart of gold,6115754277161037719533057742981879132296994688353235830843858218031587740270,Partial Literal
blanket of flowers,27481910804247099721555303358798458834343574377916114194281744995112446012025,Partial Literal
she is a ray of sunshine,112294412858542473280493992495002123944928241168931818873604563918038948004786,Figurative
he is a cheetah,87555939998362948735890846487943493047349850092407779135144594211068662447704,Partial Literal
blanket of flowers,42197608262328075400724656447386675818388582961623565443369901752950618695040,Partial Literal
light of my life,25947205774214651460304220764995934524897962321399802169138452850653483047403,Partial Literal
the car is a rocket,60949696223421646500194873037449286686736796731055130532769261601939673375577,Figurative
eyes were fireflies,17424584524816444752873637446064626513725900206679596814474113731828320445956,Partial Literal
she is a ray of sunshine,84324416904325021270946318844980027090697086551162249674199348411511882912534,Partial Literal
heart sank,111714784897189347477699753181651812636075555440846456414833328460772654090106,Figurative
eyes were fireflies,58823540184256134037476922118377858304161538099851948236405119072777932378947,Partial Literal
eyes were fireflies,74164229703721563254293438628901661037130872222078952704850407071083055956674,Figurative
she was a busy bee,110169599197880543096566043809993994032278978806026225789833767362572584591472,Partial Literal
she was a sly cat,79231713196157274655650639964672541151633320137772116463096569907639047427837,Partial Literal
a night owl,93535813319496546658423742683259522832974881740586372579449624460342381791089,Partial Literal
she was a sly cat,23879625354670887856527196892448785907612934579583193061729805624948347985663,Partial Literal
jungle city,57710614603443052152789166535352847587292886768646926024794894558775134281105,Figurative
he is a cheetah,85447590568121724646962154646010574785429321342700663780523545977402118450350,Figurative
homework is a breeze,75263261088097933118155315613463950450894194905303496241308034368058450069157,Partial Literal
heart of stone,102513398832724090889998092873581986424082673781867599430044062254125084398897,Partial Literal
a mighty lion,97520037702023668418009531416300006538843502838951191571525582189245584993444,Figurative
a mighty lion,103715899672737791453271506661767427027046431807350948097883751158008930241885,Figurative
sea of umbrellas,15411859617439564347585453937499825216509447067234005581070164940210865522225,Figurative
blanket of bullets,34848193887452845777439224209370937817555368836508434456697789539444788830414,Partial Literal
a mighty lion,50394825709102659689897783640522375344028108693118072960342616076366545267016,Partial Literal
he drives a tank,63246156985274799838544752607210506932416949549638407331638465274143490266958,Figurative
homework is a breeze,100226218521365318718707650691041303500511523288514634425584423748314883477384,Partial Literal
home was prison,4192983819931573755298504961275537925395506160187905867372471790686532019968,Figurative
homework is a breeze,34943733366368002885824741133364104235807613986088003032460241013573055581250,Partial Literal
sea of umbrellas,44630392530319621655606832718574940473833576930884665840787008818495420873284,Partial Literal
a lion on the battlefield,43346164269427196949916760758009114267386336350839281939577503869050469229871,Figurative
he is a cheetah,104212333688222770614670645267731008681084708160622168053954576908127947071975,Partial Literal
he drives a tank,96949029382493625197628889732760590945858144763862102121927191387709287599854,Figurative
eyes were fireflies,12442741105399708348808700477791135887945326172848504335000275792181970978069,Partial Literal
their relationship is a house on fire,67590094617106063475777800973957167055657751185666551449227279143548473673676,Partial Literal
sea of knowledge,22471999530246942312522501132561051158005807447449530871730705836395718858716,Figurative
he is a fox,80459930773096503718902519386173483838560835211124526598566447655550595563228,Partial Literal
she was a sly cat,52929843823120038460402714601044201416626625737724959510204344937332443353488,Figurative
a mighty lion,81302337714359397069483593113448271609380676525082755688111240289466745183837,Partial Literal
a night owl,103446809077160258989700299564487240491569025950989766291326060621210105474613,Figurative
light of my life,4703818564266414314426716576204464229869674093154381642386573066614059161370,Figurative
he is a fox,79447673942600058779772998112618610405751321486209882120833683972680976158966,Figurative
a shinning star,13353520507917309687147449240045447155057790450563453272248948179055934003747,Partial Literal
heart of stone,28038106067607044952536810447309953442386248417272554452311609761048479629913,Partial Literal
sea of bees,48579655843436811964321915243844262226590087995990308675295762620091436765332,Partial Literal
blanket of snow,24185198297100533980193592226035621089589407575275630386013242743655616399159,Partial Literal
he was a chicken,104972423617308576643619112362977806985710292932429557594943496899700449955264,Figurative
sea of knowledge,62378342428761219799210915268669237588253710636620707542991343119414976070774,Partial Literal
house of cards,75214236292530633726904214888429594426162751852767788686108189438042867935821,Figurative
blanket of flowers,25458801446370302428599391178210908982080978222575976873120723833635489502149,Partial Literal
he is a cheetah,23635808638607720512278061108815879921110051132370142958199003220355761632063,Figurative
their relationship is a house on fire,97236153008807712130826361495465530317313117651109409081836200580625592278414,Figurative
blanket of snow,48180228484344652451547493562612168887829186242744697696946617657207809575830,Partial Literal
a night owl,24978307850704268899096099897747839697572546094924121407474585551129539740372,Figurative
she was a sly cat,35023370659045150120027525212084208255567877316536926788010074683149235557019,Figurative
a night owl,35659450654858675845256521780940801479079459659629861861450010012881330036868,Figurative
heart of a lion,3432336305902139730062738802672156401484246701784456398699158264230821935094,Partial Literal
a lion on the battlefield,59439996068746995075564095340703303893095327166530506254413933919327803515686,Partial Literal
he is a fox,34047595272189499655971720892850173563914950469731223547484712292605537115880,Figurative
she was a sly cat,31509483591195120534238506803989823425498951096210474111277247548117221159813,Partial Literal
heart of gold,77525078776009860024216865549908114694880520217189039991809370775478882610416,Figurative
house of cards,53491356965036476548525467617989748809242813999811366773189124403654794993435,Partial Literal
homework is a breeze,62112557475466013368623682282001971437315348578924895522505421272126300607865,Partial Literal
sea of bees,84672766501456881078523040198701866419575042873218814095117533664140245448276,Figurative
he is a cheetah,13052974051198314295944648084916285738144321257760837637195085166677959937948,Partial Literal
he was a tiger,112481403182658257127224938680136884047245375861652971625400347324823686198343,Partial Literal
he is a fox,86900135133574090874872993222867655828011481620551324682147144177747781576960,Partial Literal
she was a sly cat,71380649196411592849098057739927365818002752409261601311805705161561475715864,Partial Literal
he drives a tank,101566902056140246945460502698757624918910137292161744307044344547933317805832,Figurative
sea of bees,104444540843436332974955230383978838054273602633052431774788272081649699985037,Partial Literal
light of my life,54474889959317887565777353243417275672067662951261375045169919717990748188646,Partial Literal
he is a fox,97437474842535281238573462847402226187488477128319071254298401443311244381201,Partial Literal
walking encyclopedia,50406142882086220522180623724456873667050000131003550325958103431359865960233,Partial Literal
heart sank,114812521584768408121295333514609465550019631388777661112951014576735362051154,Partial Literal
a lion on the battlefield,115002240814817197809202465435064817912890257341016135948571156487377173279124,Figurative
jungle city,7074588935151616652544855131660835497602780894476864552679137041938018448990,Partial Literal
home was prison,14777150851753001650924282163044129170944055945739563718310158546777324934436,Partial Literal
their relationship is a house on fire,54289271893081955843487442962359810836362010273460872099279203064748761789391,Partial Literal
sea of umbrellas,18433028486763446058819650550171398182402936894678425049323749856211808080625,Partial Literal
homework is a breeze,34322148225966289406787841498592160923812227293180038808666609221246904796971,Partial Literal
he is a cheetah,101912793280866689092196621561446630475486681027005565792525148543612084259948,Partial Literal
heart of stone,49050273385387626469288917865051676543124271779592183614666258341454470173420,Partial Literal
she is a ray of sunshine,13900796202483130843582210352598098961460293693963268897135335383214807831886,Partial Literal
she was a busy bee,45065375796803402964947024779735133597176572809661683852513174513378041932502,Partial Literal
he was a chicken,110343389468785994073374704792269981229439020256525557853560982079388037978325,Partial Literal
he was a tiger,30835887868546133985988692833751607508381838681515783413176923448146928481667,Partial Literal
he is a cheetah,35585095411820107275112939303214814215267273998842620789697502632451909082380,Partial Literal
house of cards,78462363749394831889834443327875473074344413057848432571425509705875773265026,Partial Literal
she is a ray of sunshine,78538545933695234530434041789378417363945139385476008127716340539116781975749,Partial Literal
he is a cheetah,97750427877399381210760223011465287252532138517455321843182340536354827774544,Figurative
homework is a breeze,26755456989494384580798859211708167749736707874821368790343357070949653911811,Partial Literal
heart of stone,2376232924974648588781352176216122563595611305508268042681766287677366075652,Partial Literal
she is a ray of sunshine,39747785800747776178491876915891172286176911556561049918473369436874969031288,Partial Literal
he is a cheetah,74279570351146327777990755076994050379892480007917276863814010225309679372727,Partial Literal
heart of gold,13631631674864289357871347601068817699338978110142893739914990316212074086868,Partial Literal
jungle city,15916742277363413061427230573858480191677931335205510263348137688612935176299,Partial Literal
he is a fox,16362978019303225858706369788619289022879946990353788201120459381953070951307,Partial Literal
home was prison,48283473028376005005266136278659940821248880599277820385041707530317577540819,Figurative
she was a busy bee,79608757019938656354543272638337141275106527505910940560144952358303633005108,Partial Literal
the car is a rocket,35685368344605591322772316040195226280377337984279175691312259571064498148015,Partial Literal
she was a sly cat,91911503307540259606875365445337987991064499045089594796957158644849454586638,Partial Literal
a shinning star,51874680436147503662066288144544757842449430649913348856615696530675486017757,Partial Literal
homework is a breeze,39454390968924926635401797859611328645156987583623723308755819410624744903782,Partial Literal
a mighty lion,62172694910281078968059534410802427541639239423758090673556719450054089378040,Partial Literal
blanket of snow,52840846659874861284868549490647591244857162161532665377017845561071957080604,Partial Literal
blanket of bullets,55553342287225779152478268554943759491045520439252400414152164178137428421998,Figurative
heart of stone,112312596998213322650937533026994949799492197776092156272654191501846894719250,Partial Literal
a lion on the battlefield,47174459796063323240797757842810087741012572335201487024594698927562672234611,Partial Literal
a night owl,104418713880078422281886773226050069482778380341450693669115229423338917176387,Partial Literal
he is a fox,23400350106555448842126098395445380957414879170973583531294677283224367180229,Partial Literal
a mighty lion,59412640922454444030573552312998965743350717634412214567926207020247116728611,Partial Literal
homework is a breeze,18942050562251378486540531437859809766324204495126755019739660210796514764823,Partial Literal
their relationship is a house on fire,37354760527246492810722148837790299432451911467200129643878100613845978018695,Partial Literal
he is a fox,11950650003234766808026828500772816125549651009654717924014649528587981101850,Partial Literal
heart of gold,5805223331727981968354006002263658656638973355094008422926272966034888240301,Figurative
he is a fox,57286075424664396072928475809215390942556062039551743300441048378611584353551,Partial Literal
home was prison,68512475462598247344629481596439097354900286815742972965013982040695209828166,Partial Literal
heart of a lion,98679075168474656768431443363034456385183767114952129524728467809227318524594,Figurative
home was prison,110784831130948893302595399117299350546290424265832817726888395992862974005935,Figurative
he drives a tank,103060758584382873812603484030064196262413428468379136618842913305280615598897,Partial Literal
she was a busy bee,4759052143165153659024655511419659369303308844385337755881862404257510667989,Figurative
heart of gold,93030523922354705393239848178877696616494703086149047278215830556765713792211,Figurative
heart of a lion,50244161803818960363975350535110303548977610230853766071295766672164542777222,Figurative
sea of bees,111718349782114030554279951688798975696261659852498510689049300228553677170297,Partial Literal
sea of knowledge,99401559410212480383726524505557770776655210571925827568175075684656974424575,Partial Literal
sea of knowledge,8082364597910707696149054398546216052653143880946536570826369809653864247343,Partial Literal
she was a busy bee,21371710691417175108641310694718552596413608981810706891897448326917107797094,Partial Literal
blanket of snow,19545059735746394550275885970661791775329425327079682080069877752471007013734,Partial Literal
he was a chicken,69792187690841468388435264399624599391495998389607697986205571296318729905004,Partial Literal
walking encyclopedia,64577741290100469393557288786522605533312689044045324899809523315127945516291,Partial Literal
she was a sly cat,34088007883203888337508789328225980923154556955353408566476270806483858584007,Partial Literal
sea of bees,79080829693698643716761152026185062655874223842656763182764499631430941583973,Partial Literal
heart sank,68933033239260013313622953388143771589236461673471914718767732178064823952402,Figurative
a night owl,102388281374391832911641814908736629718563514796843177988773007170375560557144,Figurative
he was a chicken,16012868887915228305695987530559336999305431236226890135907127688863292923246,Partial Literal
home was prison,85567176395893675642047371185156511817775740391490047396260913238392279308206,Partial Literal
a shinning star,10813211333635951633070003339024945805733427318740003415085204240181980594321,Figurative
light of my life,53157080411073676299936946810491634480688384852464856699563152905498682418829,Figurative
she is a ray of sunshine,41812109223555847573706666706550099402089813698436059890625987673842955680437,Partial Literal
their relationship is a house on fire,108631833775244808248034413277192161096907195255380860908239358751497142082731,Partial Literal
he drives a tank,82693288243697429834093946847104529406392465968762677212420630409786429260480,Partial Literal
sea of knowledge,65948237475350549495194980946617060309297841999367775972097912366688681885226,Partial Literal
he is a cheetah,34854407005650340214046523160910408367396341167702446685679395718868856682844,Partial Literal
blanket of flowers,70343962036099038134639595484876039416602694260746159037312281558074013370049,Partial Literal
she is a ray of sunshine,99284549254100013848217244692297472413496669058282992081859152760504435245182,Figurative
home was prison,88371550155036705093023119218512751346534521753970211218031608613968821031217,Partial Literal
an angel,18975588509830365841770770712627162740487340283113922275926345773422271549411,Figurative
heart of a lion,30842081088014896425655666553687978850684874623651593646948097215606890020764,Partial Literal
she is a snake,85739440487252729255276793980538268297412518382638672775244119192234957134639,Partial Literal
house of cards,76204354863542305420917347780761316685615069370354850194588816813604346881676,Figurative
their relationship is a house on fire,76005853234002601654134079322670806497739821555515757838302589244132823010582,Figurative
light of my life,83126709458060854598347006469572709210236035509205750600549550459767588810430,Figurative
he is a fox,57896704321267211594170280826437943428358536341526726059710221272115069054390,Figurative
he drives a tank,63564878064618357603674346910985533636229511747156073352147526119912920769418,Figurative
their relationship is a house on fire,34424997733569953173497817892281760755367774573313680679654128923364269038848,Partial Literal
walking encyclopedia,10157340071851576278842046257961959822181299279818506427199278787106573506060,Partial Literal
home was prison,46228947181555101736134711729162056383449407384068496941813113080223235629172,Figurative
she is a ray of sunshine,65443266119768948026502391125583687901224365752501329937299268265476169827551,Figurative
blanket of bullets,35348945373344638242637872245079188692274640113209086313677996888051572572393,Partial Literal
home was prison,16150168880623298841604369688217210070280428339217634813024789757533900016944,Partial Literal
she is a ray of sunshine,46549083972589135251167017599727698212912426855082456951998177707093554296309,Partial Literal
he was a chicken,30077762258585614941488839663222164929750095594733413976872534372665611298678,Partial Literal
house of cards,110756782548500655186144715413248246694670910307272335735887073098113827073313,Partial Literal
house of cards,17703624498871237042064263291592445077610300051228374454427973018551947436174,Figurative
a mighty lion,101660149060442087036735889427759256971551657750339849869823391099361319413109,Figurative
blanket of flowers,90768016470335761684338974878750978747740065851569324107494425748488463315058,Partial Literal
eyes were fireflies,19268165260795851574613665166208994320422805321816352352019426706348378781310,Partial Literal
he is a fox,14922209334594419421878512033771415529774571101410310212983662199313592989381,Partial Literal
he is a fox,112986393266713448936132276216008423672156732176789487514010726662675914062214,Partial Literal
she is a snake,51938607655264957249076155489006923872316291816096664167875190754353757205528,Partial Literal
sea of umbrellas,114143748412186340636071854935401139489625884729973176972802890435918298739133,Figurative
he was a chicken,58986127288920692129377981054687804949756828570147350013380874921426605944837,Figurative
house of cards,96825724067552856404767765378244276509191922902000275046182451041391528505433,Partial Literal
walking encyclopedia,81278677163169836361738750222795446340806176023472741742073164331161186454128,Partial Literal
a night owl,110334654196674794196977866330672281081010697905463380364710227104617022977915,Figurative
sea of umbrellas,69776801059772629501118593250750555694597572533818882812416295640290417128036,Partial Literal
she was a sly cat,84772918850600175300257029087121447601869948817871312815062821113741166181365,Partial Literal
eyes were fireflies,83660415282026678327896400191408006193946825962684999919201172111995347387880,Partial Literal
sea of knowledge,90051404494220868582830778189457833738123503095828143888873393740457681331111,Partial Literal
wheels of justice,81165596966519660777096589622423716483394926788887806585565086486767206496651,Partial Literal
cute teddy bear,49330664954551469414104256109681155680581299659509438660913851467483767260390,Partial Literal
eyes were fireflies,15473069104197988532275754831982364298184210674370375364482739855307602776931,Partial Literal
he was a tiger,98076840554892126751160240863614651539619585269623062169227053049251794515069,Figurative
sea of bees,95259696231544456642002575744540516658621775658494108489966336013797659433501,Partial Literal
sea of umbrellas,1760368131810057063989683930067307555627293671444243338091970392514472274198,Partial Literal
sea of bees,84846891061750218652610410946832745945201689772044290290108684890821187341376,Partial Literal
their relationship is a house on fire,86247905656295416164815271031900001080243091180820404702512144139227648807762,Partial Literal
eyes were fireflies,24544107353016230581310909827743183159236558403872248268868133815560754782728,Partial Literal
homework is a breeze,74130546707943921374868162036029875734040001821443216199216577630902449969397,Partial Literal
heart of a lion,9928364605141930779030443761652637007425581983408582180542802459938699253078,Partial Literal
a night owl,79428286951963267387468761442603885470368984128668228369372422778209769628904,Figurative
a shinning star,15716063458850912958419082136165439147573473582080247650030292812413092483012,Figurative
a mighty lion,114173157532703952187977675051289461816510780254680464812724531367138280340097,Figurative
light of my life,16650607776185598485354651982984007086667018975994090355654835671782430722946,Partial Literal
he drives a tank,46711182434155846242590115164844612543079624369041843231899629049859681383434,Figurative
blanket of snow,71507164618192266617040043176249635915432366847879476060986690371481273770332,Partial Literal
he was a tiger,6821564018812921071296275673184755423002023602735065830464991134386082248278,Partial Literal
jungle city,43480682468885583440795853002153062034367202690633910047927769174462417383244,Partial Literal
she is a snake,77816828788428740414953416450789235399500683386295600274550550122713219861115,Partial Literal
a night owl,43097153416191293091418760777719763537359483579326168215028857606807063896918,Partial Literal
a night owl,4066254487630095803713747255717645737157933487179503286497461622530707965878,Partial Literal
she was a sly cat,4820163082455432240558491852246065868635754583674985291318154776433639657822,Partial Literal
a night owl,35615480935998597736954155797652683379201434883201570543446084030327797122266,Partial Literal
heart of gold,27504075194401304915125463412863517303934522375911758146442747311463378221726,Figurative
heart of gold,62547476161174598777351501956142939907543463470102695674891839589082059997916,Partial Literal
heart sank,16938425125163701887243637548009023870344973019255439123166312613190215548095,Figurative
sea of knowledge,35068378835598073245169564408510183570583898763779852459146069276886176496948,Partial Literal
he was a tiger,5847930367404415152145666917050643386129261655126881369610919382000315440446,Figurative
heart of stone,87528682426590013198636441934906728865055968709256907974203190337159589650430,Partial Literal
he is a fox,20261288172182214652314024106293150706028427704690554115803222903764049202766,Partial Literal
a lion on the battlefield,74636444703563633781927935016589559256642230733963708071879587820747547844629,Figurative
he is a cheetah,42892673108980632470297413063402436803557136367077238023114607127942502546131,Partial Literal
jungle city,82836314831232179088908525668730271370940361763964630943488855438923059882226,Partial Literal
a shinning star,34859716927410883835754744986812780188103865724872048055293057083741694854382,Partial Literal
a shinning star,91943190153705769975686630426352808728898954325158610402028366263674288264373,Figurative
homework is a breeze,90649856597766573038339429674793741112316266252846191140736979859992610961198,Partial Literal
sea of bees,40210758243610191885015729089302436090137538747063983476789118517387941529576,Partial Literal
he is a cheetah,93974154499810758018557146664002730455206278879973792489848946903233531171569,Partial Literal
she was a busy bee,5513895261772667675006237868406112990650640062229492569278154745260720073766,Figurative
their relationship is a house on fire,59764509343011201246268533926526546372611251217451327707918488795486186365990,Figurative
he drives a tank,42075172243474575925519282960525002074892224667732441455633309724266460596661,Partial Literal
he drives a tank,22000309612246160177896513920407142113957751457062559548552892416124650281279,Partial Literal
home was prison,104280731282703095037783025720467297411999548766849776182918393405191955290967,Figurative
she was a sly cat,91710337271506814267334057766306558275807497383420550992701408676285631644740,Figurative
she is a snake,106981266781608142822109383141546039410351726524892755428254074468456580692806,Partial Literal
heart of stone,20176922863082323247332900562399110233541214502003168146252427395992370807673,Partial Literal
wheels of justice,79979135629819078620316727785324332305897034244281697731588117999368116638084,Figurative
homework is a breeze,81222942588410244357518806341487032422952183915320646024548094144906786497372,Partial Literal
blanket of bullets,13412256301354044503872943123661426267175623129704715480547472935213920279955,Figurative
wheels of justice,63365483074290225813845760116941657862579078071928998881731918524477935949402,Partial Literal
eyes were fireflies,61340431227963260696208595781413800580857598758628719166887406991215600652168,Partial Literal
walking encyclopedia,54483654329799434832501649239053419077712117757324152515967788649362154046414,Partial Literal
he is a cheetah,10414730273046156622819413072313589743997744862562564484327261036598145208910,Figurative
home was prison,37354760527246492810722148837790299432451911467200129643878100613845978018695,Partial Literal
a lion on the battlefield,30272282520848512974367270803517427647336590520533531614224688098884415115841,Partial Literal
he was a tiger,32451868592290484398737471064354221506355194357989377325848376063578499036276,Partial Literal
blanket of snow,115167994153897734566246303155528569477338394923447874658954083915816164043026,Partial Literal
she is a snake,78019099350423382302290243992441256829314323033500193542415437762604800047516,Partial Literal
a night owl,22866690279222868017413307738998950205662005452197962477453524572376314502929,Partial Literal
heart of stone,115543650296273493310221881259590976812072863014820772511350654445949282427418,Figurative
home was prison,32400286357646060460719750419463857792427440562154258634543625529868893872757,Partial Literal
sea of bees,22875362801759621975076939042957490750716890178053628608143446049628645679990,Figurative
eyes were fireflies,19666705996523757416520349019229630749282394078406065209450192513329649410008,Partial Literal
house of cards,52468230980389422116259576927687195861863500391917023565431986286721718333258,Partial Literal
blanket of snow,31801789871778558948073173521208043291104120920324422692175535959714925139086,Partial Literal
sea of umbrellas,50514821407715697228360586526064812293341170945463955606154390538177656878796,Partial Literal
heart of gold,11614912031904245285721571548056437681280496958799810213043427367902833656519,Partial Literal
jungle city,67186791029331298959392960957519966493557595989237229231972996832096587002761,Partial Literal
eyes were fireflies,42057234619795867488711092603016330595308708906912409066335668159127653633440,Figurative
walking encyclopedia,694571905661382713424948543225775241228510047479657055937271502926520686817,Partial Literal
light of my life,105300465194338075135160209663249891452534952141838807354998709918100663237130,Partial Literal
homework is a breeze,6376565422573404270392525801507280256810445822123541618423244065656873724721,Partial Literal
she was a busy bee,106866575144517000427923244258493397205396632520385158373906691807520504130121,Partial Literal
blanket of flowers,17304137790378649979463237057208174606969509939937373666511858188350318018350,Partial Literal
walking encyclopedia,12451123977299718813560559490619757772695457132189757896623134728970365053649,Partial Literal
homework is a breeze,57855191332589028364613537999600723462247464610445712148285293591252381469502,Figurative
she was a sly cat,82082015757093586772239394531477215693343743858693639666227121532787350590456,Partial Literal
homework is a breeze,86244380369524890306241508875058158481262187359343706981307201847692339523988,Partial Literal
walking encyclopedia,112645436030311509043913016447703380803473696998948160345242978502876676892950,Figurative
heart of a lion,7594600625814897127980775394589955083205099142622382885627268579330903943999,Figurative
heart sank,31291038635251533348379978784695996318661598970948233748083977076190457574014,Figurative
a lion on the battlefield,11078326901046011968447681574355317880314753455311151593856223656761307627899,Partial Literal
sea of knowledge,76909159909101861133952612439639318810377454300014378590089063042708254442545,Figurative
blanket of flowers,115507822717839478343032295104758353152927897614475900944569585322577707450950,Partial Literal
he is a fox,4974814749368284644297944211429562058414532687140334254938605740489079872785,Partial Literal
house of cards,101720545643182364907296495389255294657040503540315399193714072204243378442682,Partial Literal
cute teddy bear,61111654452251017231317773377738430898577949031096097295330171709542379897831,Partial Literal
he is a fox,93755625505688857991987759479944787353100377787347385039661280405544803903571,Figurative
homework is a breeze,100834770897103369990402436338634823733438282112244321076212058481129185072828,Figurative
the car is a rocket,64077791663129126801126435661152114400180996893073735584256306253939185983680,Partial Literal
she was a busy bee,63180612573331476153277712668569326176339335299774121950840291576145183315750,Figurative
she was a sly cat,7593138287936219621206186823483650796020314642090338792509206453637156988967,Figurative
jungle city,66639307316001049391870390798046826607936352391541495044095273854155984641917,Figurative
she is a snake,70636541981368729696431985680536490487539156299118137949080112901013429022318,Partial Literal
she is a snake,28815118623044450348924725488496993507641103255338343639246756336050056756889,Partial Literal
walking encyclopedia,72533892552717785566597961961014941987171195950736695300273042027196310316598,Partial Literal
walking encyclopedia,110766717328662251833460335615954724396075439577030011321686354301248156973181,Partial Literal
jungle city,76459368615919254575523798381032678446626189932646557314800906006787575957886,Figurative
their relationship is a house on fire,13701441860594025556098624943657423548717358144632439037807440825269918438987,Partial Literal
homework is a breeze,42407559207280834571238006003982301420044376150810415674289128700604100330395,Partial Literal
she is a ray of sunshine,17919453155975874440912585844761588569167522944101149360394700581946063312453,Figurative
sea of umbrellas,65202917750153395205801585906960957822191279924261423366639505461884299930122,Partial Literal
she was a busy bee,7799649619165945859212638617712743465997462735048848402836535225082878115650,Figurative
blanket of flowers,70088540080071913759519151081466410478821954482389945037499876851336545738301,Partial Literal
eyes were fireflies,54403096709114837806251367168963800482587775810663633747880007826632916306840,Figurative
heart of gold,83722259771616892436847354168742941406670056022428058797750903997182233365497,Figurative
she is a ray of sunshine,67276810369079565269847383573650878911785921694394780407691878174306011533284,Figurative
blanket of snow,46735897246925829939093667258677924078412329828317346124660685182718511694755,Partial Literal
she is a snake,102044233029125437227190930393723901703767010667802289981457048367668150994421,Partial Literal
a night owl,99775184296303985031889146796782382475126234580655202673687479239923211633153,Partial Literal
blanket of flowers,51937292345804734346356211959503554480152479426034297019802197950949459422997,Figurative
he is a cheetah,73444754462474203423971890987505363287933834732892681340267894282915647031302,Partial Literal
heart of a lion,47712339050514583841933165708222337834483204711107175386802584041385268555619,Partial Literal
he was a tiger,94914515882724656547370618586951977583228495430970661156397201000927333631431,Partial Literal
homework is a breeze,57782407560722513266200306922588683977367561306054906176996939903017709799622,Figurative
sea of bees,78968846684288202703769990797154946342291264726311366842680702711720380255708,Partial Literal
a mighty lion,4814922055119753686594802002330992157173842856881156441640145761276802573346,Partial Literal
heart of a lion,64475011411077580990981073167148128831017898375096177878194814572865843081841,Partial Literal
blanket of bullets,108715539966343992309078760045855252466845475791509572429936043546416271720257,Partial Literal
house of cards,79252186444082147193982757773046321110131920238549853893253703151757290634568,Partial Literal
walking encyclopedia,3857145951438069262811509575055483976030376714274665726510131914607138455673,Partial Literal
he is a cheetah,61800921280211266615092020108746071086363222046424704347214351442967300797251,Partial Literal
he was a tiger,24412362666032965539435030914191174859166432813479418959677870220336734504210,Partial Literal
home was prison,75650630639345615668474197715741982251567517430403732136703446276794508922158,Figurative
light of my life,56030406028210104899985076563422635661063926934904421677136480655946641444515,Partial Literal
home was prison,101737546987991888630011152767851359792203647271131689329572669785904405526551,Partial Literal
she was a busy bee,69702600954142425386549942335149330808392564546375471369762185044491527722566,Partial Literal
the car is a rocket,79050317579071224357239982783327190736465385531380596246354706047634874323192,Partial Literal
a lion on the battlefield,100992597738195116657353821920119220031218439763667757205083996344384880527436,Figurative
heart of stone,15867510704368836836006267123154733004926940918711193408612521538908944645901,Partial Literal
he is a fox,9188797551532341278985833711522279887725071404755045794411990806861936925158,Partial Literal
he was a chicken,39811499634892709379213855513888355201913353532310078903521267589255101289303,Partial Literal
he is a fox,13539580155804724768239764020072092189126074550985482157421805446403586866135,Figurative
sea of umbrellas,5288906057951861771322299316812524130742874226141303883687668323327585386688,Partial Literal
house of cards,37354760527246492810722148837790299432451911467200129643878100613845978018695,Partial Literal
their relationship is a house on fire,31029733209474939498478651664146271020336633646137583543978380396123431577046,Partial Literal
homework is a breeze,54476692673548372727599376551158129487959442539545998242724432614629288523552,Partial Literal
walking encyclopedia,108225745851281240227507029881228189261855619576664902356014262754767373719163,Partial Literal
homework is a breeze,57177044656246249914135480564299355783804443013183110968046265168592324618194,Figurative
blanket of flowers,74233766634028593435305518284635689425486540844995841586790647069618241676021,Partial Literal
blanket of bullets,3743593656003780878765901078220210277313224582284624770230193528440269643929,Partial Literal
their relationship is a house on fire,91870724360745941048792329461648952550528795992553507569662076427913764609525,Partial Literal
home was prison,53614652695196769325481535320933537165521700076201146234022034447234613896188,Figurative
house of cards,86247905656295416164815271031900001080243091180820404702512144139227648807762,Partial Literal
their relationship is a house on fire,83431770539453643745988123413370658850732611318689141018555715320690286554634,Partial Literal
a shinning star,102256313056233934146131396539081893977825214297721816500764111535323336419061,Figurative
walking encyclopedia,23838751867364555625476906690876077120487996115591119693456208178437287731042,Partial Literal
blanket of flowers,64196666218676761899933100022641093680571922399123539702739675923623880797868,Partial Literal
he was a chicken,17617599333893252568021908115686428992400869422438823463335614483993599194336,Figurative
homework is a breeze,45842397909688605993941298567287188508256103774885635341773765973312303923972,Partial Literal
he drives a tank,79025495568702447497517581196499202729893149856844909673571745684535093476648,Partial Literal
sea of umbrellas,26827920973012729059509400486823881015258224554712151216162185788652726407172,Partial Literal
their relationship is a house on fire,78462363749394831889834443327875473074344413057848432571425509705875773265026,Partial Literal
a night owl,57309600056122657936523974976032485540351893291981040891897145530506344441965,Figurative
he is a cheetah,82992435283384664151468412243557380259911448498587885019360188061222696602529,Figurative
blanket of bullets,89327664854913109054932301514213844675597506877242288503056522446992518804701,Partial Literal
he is a cheetah,5458291043119286807884757226473908203142795148355307345369139842084953571745,Partial Literal
home was prison,47838032101265718321677932767517281170449332226192167938822701514648331173444,Figurative
he is a fox,71908614084745208111863024377628915832253139698454001171860105670438740562099,Figurative
blanket of flowers,35627276077107425404120117065694167328401069157130064805361167739520758663738,Figurative
home was prison,114699785949057282570448311853797122325860685852241881378027075434450032505103,Figurative
jungle city,106687160952984925940261120145411651271281332634419377321267445799090947552353,Partial Literal
sea of bees,102946775803152857864293525512667780813294694291562749419673680217742531001345,Partial Literal
blanket of bullets,34636238341886297853274933766540052790726854160372136671648077043872059458708,Partial Literal
he is a fox,42172187260434629950471293934375966845043274001069605924798222449522903778692,Partial Literal
wheels of justice,32661607531095487143805998888726182840804310344465409522819453522565833069201,Partial Literal
blanket of flowers,79223138138262779486323757563092239740296179583251383126318754295756961958474,Partial Literal
a lion on the battlefield,88841408689086243772604045562121557732844650523583115394966096142928415797437,Partial Literal
the car is a rocket,58318904524739913850284669866317528481395100097982816888886376681468525919730,Figurative
blanket of snow,9819948890222844249602560920648854933513579330934152263657919630184921210409,Figurative
home was prison,90969171922571996923446678474408852247960934159331722989587895427574902944148,Partial Literal
sea of bees,71099699294597788594054785778616908665181819929343793790363622577569827660963,Partial Literal
heart of a lion,11078326901046011968447681574355317880314753455311151593856223656761307627899,Partial Literal
the car is a rocket,22601086275710673824018595225077829553115663190898495103051184664785818483577,Figurative
blanket of flowers,40589313975204094883236840833221071902299214077519183167306761734057891672982,Partial Literal
homework is a breeze,12971736399399692696022691637186728441411500876436497133879399040527471299462,Figurative
blanket of bullets,59767137240048484511571634013355790165981919902573327261381279781531573352431,Partial Literal
blanket of flowers,79873024532789039087729093542688215747519375037453914595276630870596801148554,Partial Literal
a lion on the battlefield,81587228404032774271648782130657817840618488475888455986325589088973203096734,Figurative
sea of bees,10365057082343015736255241674026697386151047584052982462637431209473021580847,Partial Literal
she was a sly cat,62144618488778096982334644891288717001032435306799566673406210877664563263303,Partial Literal
the car is a rocket,1500549330743209893267807239623576807773974687765590054994775044270497645447,Figurative
she was a sly cat,8034779577270166873960447902418876231333073486000015618881974571549843155873,Partial Literal
a night owl,16127542417286292849686851415133189357094505729649881402584556860579183877894,Partial Literal
sea of umbrellas,8018731366971889102555272470579639869506680025469639599399276696394457000892,Figurative
heart sank,29501093543265758861887372090872730068686889936834306900605120517992180737665,Partial Literal
eyes were fireflies,18696462093247344690978442691849909289290426056667394576794360775686591454494,Partial Literal
blanket of flowers,36166231750399070293828606674045687464626363222633313539176925585233879606443,Figurative
she was a busy bee,80021472422035888478721856120447560512480916874997214552821121805822138242853,Partial Literal
eyes were fireflies,102273671747813961376753176207408073016593443005815146373277483183546260093380,Partial Literal
cute teddy bear,13437577230533742286176787786075581813851793463080548441990948859560630512161,Partial Literal
blanket of snow,76562705417269118598084189005498509762771415916975674781648529577023415482806,Partial Literal
sea of knowledge,77545206452960875405103634402966324944348021099718027169891063376446195982355,Partial Literal
blanket of bullets,96048230197406540048681934641903451477930591401917204189985786058586600180554,Partial Literal
wheels of justice,69158607693561464483870854912802058568552146999854973274901112965154105120043,Partial Literal
homework is a breeze,23332909782461893653518027845128542427789263740656929136624281921078069169725,Partial Literal
sea of knowledge,13512855645914750502559323796646481821089991705297070085467520247615569027042,Partial Literal
heart of a lion,53618517713412205217358989022883659181557149257889393388761129272601062767616,Figurative
blanket of snow,110843146061650399310011103881135441834379337762715080901531617914358424193008,Figurative
a mighty lion,111855953449738676247507057955242779247913234950724667735696411153750708761784,Partial Literal
walking encyclopedia,19650999910989962241063490867046697309199413498411009340177004659687417494439,Figurative
an angel,12341624611343741657579178544392918996354603755416433288547851350256521164852,Figurative
sea of bees,43976602303551246317678815688063707689160487470511093371416062051277587684148,Partial Literal
a mighty lion,64551765280007932813135916660297841403093617911154909963108089063386702375005,Partial Literal
heart sank,8727900110715583071771474510631722911522378562770331556404969844221906655345,Figurative
the car is a rocket,7825460050116240897094611125027158936627016744841157743595536967105132190359,Partial Literal
jungle city,33433552651616547261835577750015251258745381331346103289689923246669339523251,Figurative
heart of stone,88753966801747675498042085334556063073209130428613107079169210321123773667346,Figurative
heart of gold,13519499692324901536972103060643127400006751323511294561206890669383605238105,Partial Literal
the car is a rocket,53942808140091000924395222431800618912048535112247049718221700968359822561204,Partial Literal
heart of a lion,59439996068746995075564095340703303893095327166530506254413933919327803515686,Partial Literal
a lion on the battlefield,30517019387319367775766079275071199770244253970011391686579794152356356178917,Partial Literal
heart sank,69217598202989808439578259485863344379560077128179963036326027268633765318644,Partial Literal
home was prison,108631833775244808248034413277192161096907195255380860908239358751497142082731,Partial Literal
their relationship is a house on fire,100757160426326549163719169299410460314896655867660092189452061821800339769884,Figurative
sea of umbrellas,6580730701423434333302696835825453746395451796502561438059429343572111251842,Partial Literal
he was a chicken,83939171388074974511711773119741276531316702302272396033849081215204304343244,Figurative
jungle city,16655197837072825890147072528767423849211481085263832395649419766867194312795,Partial Literal
he was a chicken,40058271020486225547111989253169241694454789103159196872367092518637345685121,Partial Literal
heart of gold,108550139607929233947608232994748935940462738934466480078988382848975127444366,Partial Literal
he drives a tank,94948935610535135365327297044220896788406299077507053020546548073058224172641,Figurative
homework is a breeze,91085980016140276803255042413793379730906512582714161598594273488014325822596,Partial Literal
sea of umbrellas,6041834579215915583194560943799013556206277619559019866950424264193100089360,Figurative
heart of gold,34033751596765444573616199617915011505741372428149754885677755797618337782367,Figurative
he was a tiger,35077430370277180532083859441475723613036795386628524968957138718401415945983,Partial Literal
blanket of flowers,100428041016055936158000049131432372565297459323458405315296291470185301220978,Partial Literal
a lion on the battlefield,9928364605141930779030443761652637007425581983408582180542802459938699253078,Partial Literal
she was a sly cat,52426280767675294900807841246461257006395780043099633114437516674093231197351,Partial Literal
jungle city,80571276311061072917276734548333756409258891529584580811468040562901047348976,Figurative
a night owl,102999244620311270961771870163393030988820976001406265883328370499231006383879,Figurative
he drives a tank,65504177683773995305956524229497108914224895782937177416648381980970753079216,Partial Literal
their relationship is a house on fire,110626601763195812347569180859183908653179991890184846944766817002934803551314,Partial Literal
he drives a tank,103092749383386231455100349975495139074304649976756312466695258506036963803580,Partial Literal
she was a sly cat,58088123539439277107456727645114750632564609680027798006799995677138870749703,Figurative
he was a chicken,89008132343017175303547230953712486967916055399033524324324216387688259459426,Figurative
light of my life,70880446152435547697790867745812047784130531315708478622273102555737409142608,Partial Literal
walking encyclopedia,9877279369854997871485851597811663001974585508642822519897916785530035357504,Partial Literal
sea of umbrellas,98638160654475741945514604646338339137914645022492813523370358076430657410248,Partial Literal
she was a busy bee,62122966129235676981103511633460645416317831490069624540832462221989770788632,Partial Literal
sea of bees,112525596010135868049875880326280337427495084573520042283867178395272972445290,Partial Literal
heart of gold,115733915247243241462915658743839439649759707531225637807881051059243192205058,Partial Literal
he was a tiger,21830422954560895837260699457837027881803068911910231911308978188131634895271,Partial Literal
sea of bees,99401559410212480383726524505557770776655210571925827568175075684656974424575,Partial Literal
she was a sly cat,69772408299904730288166498847848561003349805772289697919583417612264502765020,Figurative
he was a chicken,54273495811264826795740743405295656467260623989056435442027365194066673082076,Partial Literal
he was a tiger,88135632155311154568499383834939945077925143631584031439486862893969812290970,Partial Literal
a night owl,21058387347436281306684859658718788034713611946265116918738835942125368565377,Partial Literal
their relationship is a house on fire,88287661111771482681814112310048690672756334187976652918155319828169558287528,Partial Literal
heart of stone,70768755117728207631167558388646425525397632796440502523511343265141719474699,Partial Literal
sea of bees,110169599197880543096566043809993994032278978806026225789833767362572584591472,Partial Literal
an angel,29461485850351322077773419646639615113262286458347137426286476411665294470581,Figurative
heart of a lion,35673906130199068953826077927511433509555032910336998718587870354357426223743,Figurative
a night owl,98925856680325061832505606751875891946113447211624152072672193109592935958510,Partial Literal
walking encyclopedia,48950743503597367467051100087392504072257948961923978444869683003370887168096,Partial Literal
their relationship is a house on fire,52288967107188279750550127343755254242956664383648015428849282822431101617588,Figurative
light of my life,38494627408585660861599824645464571956142442498630018170673905050562136471023,Partial Literal
light of my life,31183417285724766654245999263766270585312071040620580351382287998005196110562,Partial Literal
a lion on the battlefield,46884347421661404096088094136509148958482370731771879932372794184791531452136,Partial Literal
he was a tiger,46381466911786358444117876258776714591896047682470050034398795633283662170687,Partial Literal
homework is a breeze,55967180478295987486763826390524482414039296882355146579760210274012176312548,Partial Literal
she was a busy bee,97989914386777064632075351514805499659784630063640182365258918038768349684187,Partial Literal
a mighty lion,34438372199144127833212864881846544175900809829894795828867042626898238865938,Partial Literal
blanket of flowers,18771164536344361745605497874553634639502953047361602351288754538322511836298,Partial Literal
heart of a lion,32352759887311018322674811395236146921833261095260808436460930979742507975549,Figurative
she is a snake,12521476571866987195986385287873183657879777309833648387708625203653142079817,Partial Literal
heart of a lion,13519499692324901536972103060643127400006751323511294561206890669383605238105,Partial Literal
home was prison,86247905656295416164815271031900001080243091180820404702512144139227648807762,Partial Literal
their relationship is a house on fire,92620389554242913589610080260006743103195582301649479237061565034499495266821,Partial Literal
wheels of justice,26444106288987918390106067084328554465514148178982650938133609887400752367654,Partial Literal
sea of umbrellas,66469287110527856716109039844609319625678741050833836194062917327445454439096,Partial Literal
light of my life,36739069008974442573575747188315647495607877839023263360937408479208727551026,Partial Literal
he drives a tank,115317772974701017801062496747724173978231217464017106740892147854515165047195,Figurative
he is a fox,14294828063659773760667177565436250092978948533076783967673095204101899448232,Partial Literal
a lion on the battlefield,85816573002958426248579824436837421973378094830408035082472713916470247443807,Partial Literal
walking encyclopedia,16014439457142499688473232168435849843308609232979675650195293863616176414873,Figurative
he is a fox,57975988387788136191429936323289030486011279820530534576183149228360165101908,Figurative
she is a snake,28952219669492931651566243461145182206725844121585376947813442054024935265602,Partial Literal
cute teddy bear,56561049787685709134280682720783713070058228767335966079088532136813739353642,Partial Literal
blanket of flowers,41012461386422023433902693141455406082194577839685874309673062580608241001842,Partial Literal
a shinning star,110008477903804297361033011848242670042852854468513084989502395650072372041766,Partial Literal
heart sank,4017319343691439994906663335979220511443484451332334976624425639645276093310,Partial Literal
a lion on the battlefield,14787896161784295050718482972136977506152527577669422241581159176977630316896,Partial Literal
he is a fox,48555910834376260192828485122137616345276810704554559965376651964068575859865,Partial Literal
sea of knowledge,99724130451423044975683261650313735242778678205204523649552327379479461535246,Partial Literal
the car is a rocket,59363300800362953722612379035532400981376149521150229199619645729148098409911,Partial Literal
sea of umbrellas,31735887871576226405586527917856019278122247851489377542082067499212965400424,Partial Literal
he is a fox,46149163311457047210190054835291964736181736682071046971895202952465053025869,Partial Literal
heart of a lion,57321471581633289639107003233042674452193853030086771529965553327746842788251,Partial Literal
house of cards,83431770539453643745988123413370658850732611318689141018555715320690286554634,Partial Literal
she was a sly cat,46488654427779776552393203684297380375114759708716555544689152025661686303588,Partial Literal
blanket of snow,67471234227327300413638668319052379481575695386184986761844023721044669144160,Partial Literal
sea of bees,46773265915325379363354288445840282902464503309020850465027329937970705948568,Partial Literal
a shinning star,111178702352383582377048243205585617667259974071211378083370912299181365773027,Figurative
walking encyclopedia,3969012480963247537530218200399767566384599151711362550012102535130314684523,Figurative
a night owl,45394724186647337792395087444764342446374855384647840058679249017364106017670,Figurative
sea of bees,66150497749014955322589469112041024959400148198046289100520508301643511658110,Figurative
he drives a tank,99150045332653563222221620589098871883103253774040613279251911611802819902077,Partial Literal
she was a busy bee,75008928881578130329768264891130923604034245253627811614565642140922720192942,Partial Literal
heart of a lion,46884347421661404096088094136509148958482370731771879932372794184791531452136,Partial Literal
blanket of flowers,9815213497839765468393724420569846540060412597419526725335510969903030497586,Figurative
a night owl,30023770820784373035508445824099661356680859223635683511515464886132417857923,Partial Literal
she is a ray of sunshine,75832352755876708254006922516985472200530417459906034843357650596901094042581,Figurative
homework is a breeze,65273777336372546840921498132578775282491764071351384922975948657789120169269,Partial Literal
heart of gold,36744670862470155497506491464655066946444157754124231517934597776014629841407,Figurative
blanket of snow,53711864828732154141152720199350387096700186959138872053615004260375466694255,Figurative
he drives a tank,57113875115023642317826029079428358592329631688846016536737386245999348889833,Partial Literal
eyes were fireflies,16045451840052072339068760899037920979278647619618473889813274468925293641289,Partial Literal
heart of stone,5888983241370308865189793667455771954359208108883152853560697135151729696753,Partial Literal
walking encyclopedia,20768332632978801394083466307794457025994420807942668318559475322280851903636,Partial Literal
homework is a breeze,108540126671664578595206332739563157138646414867635230264169784580334261040473,Figurative
an angel,99962765767395859792000295149276886260524313883599166702210744299477202548981,Figurative
she was a sly cat,13399273241716452700310733379630884717512590498498498764310333189011167868400,Partial Literal
heart sank,85662213074551413510272183255222086193680887311650821868466855478275965180822,Figurative
house of cards,92972052405251763342331048309869326120319191983955966193185542226409683410912,Partial Literal
light of my life,28798826084644778443370292367864962764686649220745565774455152659553451421071,Figurative
blanket of bullets,45090658842685472077284568583881932558856846565403117667692825709005674521089,Partial Literal
an angel,81900322630318271702382540487986156187667474330643398370908629362674828373851,Figurative
heart of gold,47712339050514583841933165708222337834483204711107175386802584041385268555619,Partial Literal
the car is a rocket,50114590501303805698394633137168996133586189101094108233627653621989930707042,Partial Literal
a mighty lion,7418192967752097366536799352205478343091411883979116594389029653130221505313,Partial Literal
house of cards,70056519499852762008851532256346870849980737647051276169936892603445744390937,Figurative
sea of knowledge,96820452835070761978596641772331259404597288277720493648969071593993190893164,Partial Literal
walking encyclopedia,60359693255998860020288513392209715898417069242532914598273663905749185944250,Figurative
he was a chicken,91656703821037976499082926395036037427072456588230832271195640351824006386162,Figurative
he drives a tank,33639876887027502827047154261792305247856244247892325934795826162635186933944,Partial Literal
a mighty lion,6943776111148714791181705009058483149295635146687364089206077458378011490728,Partial Literal
he is a fox,111111834064976006738580868916286066780960910426507712996180192735452514255404,Partial Literal
blanket of snow,113231791161589154548317581422658676146071813561037731254803952905966320193228,Partial Literal
a shinning star,22680710949386604081583450560971320968241445450818102508047108701353454272316,Partial Literal
walking encyclopedia,39174644994385606448690849856395023215960870999793229118803106106454527678478,Partial Literal
she was a busy bee,104004480062112381168840706199627581436528151102510534031379387565251212231062,Partial Literal
she was a busy bee,14216317888825047726087953793312658079650244518184307227191201470509300941722,Partial Literal
she is a ray of sunshine,10986185818181936833533268282303375390416323928493234684856146460597798383280,Partial Literal
he drives a tank,93386210093999570086818689875228464080825249026385680244318125815942495250816,Figurative
she is a snake,21763997075024494308731581317761787611257112883418244512295882120997043591770,Figurative
heart of gold,31658877545210228019209016470193414373504143986254494921978151709785771694419,Figurative
sea of umbrellas,104232569102075215362020001830888968382451895203630471385069830058901969821080,Figurative
he is a cheetah,8627129558048952776919761475992017687224457838978917007877809578591875094761,Partial Literal
he is a fox,77779976277930482905689779527917457241639017769625148744592839481250432883233,Partial Literal
she is a ray of sunshine,91151023124297941697357391026423422834372939297281451961998309750375176784699,Figurative
he is a cheetah,85207434441350240276930144178888857245633933680264670078746542015980857936907,Partial Literal
blanket of flowers,81218456491273901134809961390735149742391662436976059448369493791144744989399,Figurative
blanket of bullets,115167994153897734566246303155528569477338394923447874658954083915816164043026,Partial Literal
she was a busy bee,40210758243610191885015729089302436090137538747063983476789118517387941529576,Partial Literal
she was a sly cat,43446887208465596329120056233687784692305781360898389256349976480580806303934,Partial Literal
a mighty lion,115181905884919157375187445460119797112644942267560126281355902378286286649344,Partial Literal
he is a fox,18558247194498636105962981465326542824215627345668641989013761830619472250612,Partial Literal
walking encyclopedia,75644023596798243030618016331253008943132766216859316820171220324903791893118,Partial Literal
blanket of flowers,12174395893117775801903889068094368407547612598209334938564990884866458737647,Figurative
heart of gold,22428595749981953567946582708219064438873977643512144163263777630706680939166,Partial Literal
he was a tiger,71620365976130331411817835903526359023430238617139602957023738706058072842018,Partial Literal
she is a ray of sunshine,44842668936852395195379894959351323519769497474391623389770073210166580951656,Partial Literal
he is a fox,36060550187635744323985621573673488247320519415735031131819455500700904401193,Figurative
a lion on the battlefield,102888728787876464785209326273029769434323595757918187844760746301968296820246,Partial Literal
she was a sly cat,21763997075024494308731581317761787611257112883418244512295882120997043591770,Figurative
she was a busy bee,69897725322684401860505001841974099942892403287558378450763456417802727507928,Partial Literal
she was a sly cat,10659763402615636563080667135942986263256390965050793176536592833061187219161,Figurative
he was a tiger,23866853929250352656400912115141772787270566208312100633339200052155581794362,Partial Literal
home was prison,15291815945151239972010844369256348207547689121950800043743108355686160254607,Partial Literal
sea of bees,26639475523219898980342974980294598059339181021395207446830515971080622411818,Figurative
a mighty lion,90015145587956451741090278489309227909482071610061415319603255245289991640921,Figurative
blanket of flowers,96048230197406540048681934641903451477930591401917204189985786058586600180554,Partial Literal
eyes were fireflies,104597068896056007932544220666401145764510075513890992851501943076590779568539,Partial Literal
she was a sly cat,107218407242231348085273492549470851481300069648408846635215278872503077916936,Partial Literal
sea of knowledge,14034397213413280548448480119442815906240686178847269192975858043666481785870,Partial Literal
walking encyclopedia,57696170718073327580259752681666386848278125735739291777421420608060570848764,Partial Literal
their relationship is a house on fire,79252186444082147193982757773046321110131920238549853893253703151757290634568,Partial Literal
blanket of flowers,115476835406186116359705151737283196447163319302315881921804186827229073123403,Partial Literal
jungle city,91878921529287678590996404961425862676003015126941188178335463011979146799041,Figurative
light of my life,29164440423828501975642206552061360475228980555111723879014695851674624679426,Figurative
he is a cheetah,114256834467489800150170540802240354001652533236058286333843163389007580476590,Figurative
house of cards,83743382782401304952202086749906415012431439578025107604958967946176146263050,Partial Literal
light of my life,57392294893340737220596929055703566943025004754507031528876990759060726853266,Partial Literal
homework is a breeze,80028946454256153310830803148329876340293271554712277573032077369178150428598,Figurative
she is a snake,4014605192471792313269040077513231857851171318638787520963197865585138089278,Partial Literal
a lion on the battlefield,90141049264147633555888976276479408485786620396587961056101001572932582494377,Partial Literal
blanket of bullets,50385924196477845521791781868930982380113429687160319111427007131417106577112,Partial Literal
he is a fox,53871476088936346252177756813508755540519102356476084878890805827137637203526,Figurative
eyes were fireflies,9036862010741239563631321820641776323519946434941756261862097573625286099014,Partial Literal
she was a sly cat,104187697805134747342967237300439321331744384105784277597789378779356878701136,Partial Literal
wheels of justice,41025867864820415258989036639443654116539938538868099312841374872398205281354,Partial Literal
blanket of snow,66251480964558355733109728169305804522893059643175377503348948600156319501386,Figurative
an angel,51177230338183536658960728784238406141098969964221719435153481823297872065427,Figurative
light of my life,85900035093770248655425823325443903897747491129430738576837886730986514634819,Partial Literal
house of cards,79072640216744214111012500716213797515848854373690785118951950011865881850355,Figurative
blanket of flowers,41267905155631238769324897604060792392199234975406786626869472625696306361090,Partial Literal
he is a cheetah,63469070427103928861155850412005209283777534023566980343360755823001990466835,Partial Literal
she is a snake,39670054217416545792767594233739599917689678594917980674212358146016886048761,Partial Literal
sea of umbrellas,11571547039356766082653613921896641341312984058552433760993431733207391826460,Partial Literal
she is a ray of sunshine,100270402574955830934338901289992317036286577112474164635425071316159702718771,Figurative
sea of umbrellas,94102005095004360852373793085568727692051366575642916266331773429663428175502,Figurative
sea of knowledge,64974287055334127163690981923636899414972622532060949819002142287282819092437,Partial Literal
heart sank,113036754474244334659763740871733663305362728187998636527307180055674299970138,Partial Literal
he was a chicken,1866727978357395311423843074027543484868722463744305152409105392304233384079,Partial Literal
a mighty lion,62459693721824608568861646032532866715824659093120040707260060790065139100551,Partial Literal
walking encyclopedia,1845081877422655936415674500230028165311199740507954939334548201121626846751,Figurative
blanket of flowers,28447973783361867832634043303635367775321493980546764959148441502174106224361,Partial Literal
she is a ray of sunshine,106513744427670534692684231764361461872742191173838023675324541588236568170049,Partial Literal
blanket of flowers,50244172508513125898126138435838307504575878710990157987413500931927089291038,Partial Literal
a lion on the battlefield,87340486479679945445882621279858282784640614456969205453505479307327280570066,Partial Literal
heart sank,85562100718568891862202128973384853188897414788498548837732907818823275675639,Figurative
a mighty lion,89959955618793869774407608097330056717616720432767526237702213183738641695976,Partial Literal
blanket of snow,7470334335426139912995122128424231215109893555177288567159981104052805419041,Figurative
the car is a rocket,14653225803614156612773276604490396767665147196038493394846772276366767477207,Figurative
heart sank,102462995537531904468416369740505269506337158807356312883700877256811679277837,Partial Literal
sea of umbrellas,47552677667506495489360756122015334642415196519517289237454218999120085817586,Figurative
sea of umbrellas,100647522681380248776687430506024718124144432538089850558174916165236458131436,Partial Literal
heart of stone,1831053478749893288334958081744120837403923959830441068207801056904440799298,Figurative
he drives a tank,96733595749070013362853181367247202417451654545799880253458338051350629650292,Partial Literal
sea of umbrellas,58233242473992145628904160998316240146309334046301555564099785207539579992114,Partial Literal
sea of knowledge,112525596010135868049875880326280337427495084573520042283867178395272972445290,Partial Literal
cute teddy bear,8794840103272507291107943234715839719368936449389045433551841998011240650458,Partial Literal
a lion on the battlefield,4746979852180301628936447233802997562043355464799882927728996447840181262516,Partial Literal
she was a busy bee,101051078365966050206128256295967163969866584560251297782280791709551021521839,Partial Literal
heart of a lion,87340486479679945445882621279858282784640614456969205453505479307327280570066,Partial Literal
wheels of justice,18673631560151387708298740776250103098732659845401133558719925856535065865808,Figurative
he was a chicken,23422064684616756001649087937696545074541911969427133350505879790414664472284,Figurative
eyes were fireflies,64654298232474132299180688123542912463321548049310932795835606875299235127596,Figurative
a mighty lion,82990477214469478909268381266897439574992502908033757113682792364976220396877,Figurative
light of my life,23728568171082743887504038583166309361531581317537664765713151844807530200802,Partial Literal
wheels of justice,45608210602666971392453744869113899837052825751277657308612561770058424919695,Partial Literal
he was a chicken,5232002131095004394085676212006264234095490370884736659784562125589420777230,Partial Literal
heart of gold,1449179304419101242365574356623624414168632003493781599709689619578193643031,Partial Literal
wheels of justice,53435415540791739600667987771263289768535778141201777206117897233039056622350,Partial Literal
light of my life,68788879952606310458124950105477099393143510280238249413193121972337499419866,Partial Literal
the car is a rocket,5864248961693669381043831046948492579252255371317321939472891066515530938612,Partial Literal
sea of umbrellas,41187372926419961854197907153460152671409552853928184486996195358898610882886,Partial Literal
she is a ray of sunshine,47860231135410664119071882763527413015522632974311592521040184958239774467236,Figurative
blanket of snow,110091202216469057029715158554122522453365709264410844821341231022209234114720,Partial Literal
the car is a rocket,1514924101388659879270972343154095305826280784356939599515157290809076748292,Partial Literal
the car is a rocket,73061393232486592949362455762993228050718684570792954535015901620358101861798,Partial Literal
heart sank,15859242387825437615031141820590385723943163876468758536021742534842807549639,Figurative
wheels of justice,70411677999110021160408773983411911988279539384437318178703700777955114063233,Partial Literal
she was a sly cat,23935895430045826210225504106389687518029945739544123959463513606992243769636,Partial Literal
homework is a breeze,62062939638957399445042293152727534892676256315036967391311961393395307244162,Partial Literal
blanket of flowers,53277758017062934448450965866620980140945705818150490955073615350241374385835,Partial Literal
light of my life,74001009216390658191432885961374163119082746272652662567380752633567318519623,Partial Literal
their relationship is a house on fire,52589972417685860484799656545393949890256346766708021676150733367535523816009,Partial Literal
blanket of flowers,66290089267791137092530359105224403261587472758216069318972057132242804445942,Partial Literal
sea of bees,56040772740268534053595966013191410924056215251898129621497466589024943668288,Partial Literal
sea of umbrellas,29051756781472190284388131907002572692812510296124349794286665723733458622668,Partial Literal
blanket of flowers,96432339177926453385841735298239778109114128851326275563668027505472589153939,Figurative
sea of umbrellas,50547069405759492891729008060525437078628830007799100404873830554032705877157,Figurative
sea of umbrellas,111882123336073797975497606058741710056789622829181776008481916030524081956701,Partial Literal
she is a snake,98187282382309241934917009356919274541195528647485118778775159388260201758022,Figurative
an angel,25394296240884100426099893692568782049020698444265951139591526500720435234617,Figurative
eyes were fireflies,36837761923804032831514330855570967946556200552669837519669057606912438238252,Figurative
sea of umbrellas,102041148200335040962144555030619316637281662705192990634670043427557524632206,Partial Literal
a shinning star,22686073870095035646538243394590555084594744445346222081064431495917956459637,Partial Literal
heart of a lion,53063041031318236092708542121530166690668927763048250892364575955745953655306,Figurative
heart of a lion,43346164269427196949916760758009114267386336350839281939577503869050469229871,Figurative
she is a ray of sunshine,72097819075258072570382412386587713416553881191413444595209953991711566701841,Partial Literal
homework is a breeze,14126740526396371026065824197435382639207741148142337643643955937702220810327,Partial Literal
she was a sly cat,12184915763306395049808989821974919347753506584863159044573165064928102229888,Partial Literal
light of my life,52115007458812144190550442760328070249574117772382707603814171394013951353198,Partial Literal
blanket of bullets,49363315254603841653751457468443676807788310404776869326728650663134219380739,Figurative
a mighty lion,44168112828578581294255993192313031115589673026332485781039312361226041221685,Partial Literal
blanket of flowers,92089003952969768496898027355479230703366154585508452875871888867834769087814,Figurative
he was a tiger,108198799946124296235139840421368271780603834177217176691409563612013282770867,Partial Literal
wheels of justice,107377728411076640800681016334495645635231295570399109168528543570313091431272,Partial Literal
blanket of snow,112303065898916763467389711551223480089839285155132556779958081638790255889577,Partial Literal
jungle city,92287960334181823393751412222016483793843490470749133987746542833812252246886,Partial Literal
the car is a rocket,46030429309624820668470070770517247256837478089342403378009474408233529048019,Figurative
she is a snake,75247419546128433116987268850368469362569645224917865418935901258129071098747,Partial Literal
a lion on the battlefield,14072770779467475429284436599007258757792779573713716410308694423934211202039,Partial Literal
she was a sly cat,107946343125078245513933489839615800863288380298291003217816996296775960101321,Partial Literal
a mighty lion,69947574084078340374902080913918019131603244336956245158595980387820050660285,Figurative
heart of gold,95360603051342409301078499622905557612714764508418098000568192401833601649053,Figurative
jungle city,15399909980776680438039673821034476991068138380119390137444523089035527942088,Partial Literal
eyes were fireflies,78272314054428124911101668944339836208403659475991514362697699893958807443186,Partial Literal
he is a cheetah,77076123647952014652727085576950441675665173843347413935105430453853856448589,Partial Literal
she is a ray of sunshine,109484851420714546681434003227244179566010936142827257456754872350372360619022,Partial Literal
homework is a breeze,10087351467218271457115604915961552723088399508020132767367927491200615535400,Partial Literal
house of cards,63678380397793072801904661375559490051918727517868636139095673215024745755405,Partial Literal
their relationship is a house on fire,35669485923908536072398155310630469506306099218296758306909096365878794212378,Partial Literal
sea of umbrellas,58851414017889887443564812896495748053366864956731281252012906872261870859307,Partial Literal
sea of umbrellas,70855500029406645181258547885121550019979383270510969232601476377027937563277,Partial Literal
he drives a tank,81800592215402806824197126719951850059102810171565672362967507812349477575001,Figurative
house of cards,31029733209474939498478651664146271020336633646137583543978380396123431577046,Partial Literal
he is a cheetah,10590503341814028055098888499026149943434323138777432001457133351475283730729,Partial Literal
heart of a lion,112454203887231824970871638473172724554341700061644229084245780742218799562330,Figurative
blanket of flowers,9164548016462363937875165773502009709418038232800751225279257040563335055622,Figurative
their relationship is a house on fire,38928252281756689545004091828467844217690847285295343338701367241747372622366,Partial Literal
sea of umbrellas,106933410240216358812793958737937699509035735887161296804298643381764148105521,Partial Literal
jungle city,95919774907815237404904825405811892102947341065433783976096554774816699652212,Figurative
their relationship is a house on fire,48648553377234098367663433318981446838277997626895281852427563365638235172824,Partial Literal
home was prison,29037456046003301024058891575326559657145441036475057742650281923212261120630,Partial Literal
she was a busy bee,78393151831201262013607057399662116809310093704947859104480485210309219995998,Partial Literal
heart of stone,68881558691183761535010452347685915067579841809536347516101915650866361050690,Partial Literal
sea of bees,52641989386924588015895496876186260484232661758897788232076383168065596884577,Partial Literal
blanket of flowers,47689599459908050795363502683368834226069601370026992558612480281322076953225,Figurative
blanket of flowers,39321646380376407614106003496781845887925891792104798036529849801991404392835,Figurative
wheels of justice,90231408154403607577208360664461455510689467946825818659580193944385750888895,Partial Literal
he is a fox,83469836960386162256523657103401403431061831609554417393983942622055078413716,Partial Literal
she is a ray of sunshine,68969745554271034494263965728749414014790514073901957242176920218791325003805,Partial Literal
their relationship is a house on fire,100272781822233678319763313388747122899367184173782392036761802776245735587978,Partial Literal
jungle city,92438732994330609454113614278844146918926460234865949439664218227377223736354,Partial Literal
sea of umbrellas,13895709492804894034686334065252733289669872871958321755407768911696834234192,Partial Literal
he is a fox,107693327489391995884400582130683757260523696178320381586451366178220012802175,Partial Literal
heart of gold,61486554588346556984760270609576865467088198799119805282172603330007741223129,Partial Literal
he is a fox,68343995768458597024558644510181206738334746895305553228529810097856195607268,Figurative
blanket of snow,114173511446276003190942710585145141907836072327797933153716588648649934438975,Figurative
blanket of bullets,110091202216469057029715158554122522453365709264410844821341231022209234114720,Partial Literal
the car is a rocket,97490353879502027685778434230635140255515776233860840931593858067236846794562,Partial Literal
house of cards,108631833775244808248034413277192161096907195255380860908239358751497142082731,Partial Literal
blanket of flowers,21991733103808214411989313726715129776575726414187577334815250651981547148685,Figurative
sea of knowledge,62829957341374974733663704535820583650090740801406374289001540097545892416022,Partial Literal
wheels of justice,2599764887166260093659063938350144080654276048942275857572677254859216005952,Partial Literal
blanket of snow,3743593656003780878765901078220210277313224582284624770230193528440269643929,Partial Literal
house of cards,115687624547166168042010186826316086133485399557883616920061776230449391892888,Partial Literal
he drives a tank,107353014057926658000772005338036487259573170041172848692369164410190895639157,Partial Literal
he is a cheetah,96211612846748368790255430551085171143651999948466920905485161068328082422975,Figurative
she was a sly cat,41672150896882112774820918634279103664533356399750323790242948428829836627283,Partial Literal
he was a tiger,84067308255349129577497529029006485070972643007097719715362718304229357037819,Partial Literal
blanket of bullets,76995569801181399042825148461771373078361063772615985806026373197766863653682,Figurative
blanket of flowers,77881746471872246815775106778572202930715223808572524865206657250254501451754,Partial Literal
blanket of snow,64816797395868486148002393273183976907213366718894550865063775391269354883130,Partial Literal
heart of a lion,90141049264147633555888976276479408485786620396587961056101001572932582494377,Partial Literal
eyes were fireflies,106007692204455471365715136113207909358331349217356593551947897795256570849094,Partial Literal
heart of a lion,2251175294547479980711071854219412774114132738866841735695821384368276696866,Figurative
she was a busy bee,58943716289522388832290021033774872251031447967561901988419656444576179649582,Figurative
she is a snake,85921261525405747206145087990511985831560192437772248604805746564595283318420,Partial Literal
walking encyclopedia,110447328435103467376892789148223443317070832210182081954119296811695458429114,Figurative
their relationship is a house on fire,33670058537679592873695973023929737564931339776939857365314165600720119850410,Partial Literal
their relationship is a house on fire,36454128419182506524933268867287922101481878749266078538647597411883298095293,Partial Literal
blanket of bullets,71507164618192266617040043176249635915432366847879476060986690371481273770332,Partial Literal
jungle city,85060541084049283809415599375260519298419001125210938594107475188014964892901,Figurative
he was a tiger,91758643539207595486925983961990683506664195535284031718881853779141549497751,Partial Literal
she was a busy bee,19594566428347415281312491892618489606069479640571551156668403013356437217126,Partial Literal
wheels of justice,84355726227613880657301862582963731151895395335908961112566104475493297033009,Partial Literal
sea of knowledge,66469287110527856716109039844609319625678741050833836194062917327445454439096,Partial Literal
walking encyclopedia,65813601518119714420838472850217734484878174591582339006048325985111080349056,Figurative
cute teddy bear,108198217203376746396343912282243043038190426972023347416055437775866447482476,Partial Literal
jungle city,30587341596641769566824484116161332515719519241585570805881572195444993936141,Partial Literal
walking encyclopedia,79379897408563274444599420744399731777206881673220583665239608267386907610952,Figurative
she was a busy bee,95850205708964523877299344699234561252585484872781428664180380681887665906736,Partial Literal
walking encyclopedia,79199019218227035841895044643886961610840875798784679202028950913543953823248,Partial Literal
walking encyclopedia,47023930868676306086710388036589412006319311083090376933837148399513851943015,Partial Literal
house of cards,66140266727448370321083578634318785627702043501871901891967333430253141257509,Partial Literal
she was a sly cat,88664654507786766740679079134448867143889520432100965864437283084374612259413,Partial Literal
she is a snake,65761286453694310979733498530778254717119564204705831218113161057356629226978,Partial Literal
he was a tiger,103093879308651342635100225685624711289967899085856371336099497299690312838894,Figurative
wheels of justice,82748655969512568499172896817075482341086990566306087797079690624865749386637,Partial Literal
sea of umbrellas,93455492496406443343261399729906457503923826464549037653796961950707495408714,Partial Literal
heart sank,74242022240551225146896144491786142692082801180436051970229987616701308114524,Figurative
he drives a tank,25976318623874683327270967972796411447058202620427457085993852398317439695968,Partial Literal
she was a sly cat,17218652248095587491282503807813085869051194689966808247777035443546495942501,Partial Literal
heart of gold,25656737272868696625557540402676358431825636171261095860576530628626535205957,Figurative
heart of stone,23932325636891398719687705831286918627305637224193763569113419549970596980684,Partial Literal
she is a ray of sunshine,92225286571450366369735169141041493158152185076344290098754043917172258890359,Partial Literal
an angel,27143033215592528678781914934755864213789822411925345141522418139190532696131,Figurative
sea of bees,102342475266317605614580961797740203714136303032147690911310722061295997607242,Figurative
eyes were fireflies,82230349397442834509262883580297003424027756742141229297111465057330244112428,Figurative
their relationship is a house on fire,6378304004569710978037618625951374141166682950341136581559733119536121747014,Figurative
house of cards,102548406484605121116485796759065925497473303762511684111375846361048416575716,Partial Literal
light of my life,51607066233766382098050180678019746719333157861409657380972145100621777898101,Partial Literal
he was a chicken,4314738065290739424096114861155055963205952755745999203986346282233264972706,Partial Literal
she is a ray of sunshine,71777095910554312242812579899114276832030992513817401632591798768162037448484,Partial Literal
